header0,header1,header2,header3,header4,header5,header6,header7,header8,header9,header10,header11,header12,header13,header14,header15,header16,header17,header18,header19
-0.019999999999999907,-0.027999999999999914,-0.03200000000000003,-0.03599999999999992,-0.016000000000000014,-0.04800000000000004,-0.04800000000000004,-0.040000000000000036,-0.051999999999999935,-0.09199999999999997,-0.09199999999999997,-0.10399999999999987,-0.11999999999999988,-0.14800000000000002,-0.1439999999999999,-0.15999999999999992,-0.19600000000000006,-0.21199999999999997,-0.268,-0.28
0.020000000000000018,0.028000000000000025,0.03200000000000003,-0.20799999999999996,-0.352,-0.3520000000000001,-0.41600000000000004,-0.364,-0.44799999999999995,-0.484,-0.5279999999999999,-0.5599999999999999,-0.616,-0.7160000000000001,-0.728,-0.728,-0.768,-0.804,-0.784,-0.8160000000000001
0.9904,1.0032,1.0015999999999998,0.42079999999999984,0.20640000000000014,0.1632,0.09119999999999995,0.0815999999999999,0.06400000000000006,-0.0511999999999998,-0.11040000000000005,-0.1776000000000002,-0.1936000000000001,-0.3056,-0.30079999999999985,-0.3248000000000002,-0.36640000000000017,-0.4,-0.31199999999999983,-0.32640000000000013
-0.057599999999999985,-0.0524,-0.05620000000000003,0.14119799999999993,0.2694000000000001,0.2721960000000001,0.3169979999999999,0.274996,0.34840000000000004,0.3921999999999999,0.4154,0.4401999999999999,0.4758,0.5687979999999999,0.5715999999999999,0.5727959999999999,0.6037980000000001,0.6404000000000001,0.6149960000000001,0.652398
0.0129999999999999,0.014998000000000067,0.013797999999999977,0.05840000000000001,0.09860000000000002,0.06319999999999992,0.06979800000000003,0.07440000000000002,0.06180000000000008,0.036799999999999944,0.04740000000000011,0.036599999999999966,0.015200000000000102,0.0005999999999999339,0.0016000000000000458,-0.018598000000000003,-0.029598000000000013,-0.04559599999999997,-0.12280000000000002,-0.10360000000000003
0,0,0,0,0,0,0,0,0,0,0,0,0,0,0,0,0,0,0,0
